client_id, name, email_address
100010,Pip RRWTAX,wrightaoikz@gmail
100011,Electra YGWXUSD,thomaszbjqtt@yahoo
100012,Wright EYJZQX,thomasxtkoecy@yahoo
100013,John KILNT,johnqduduuc@hotmail
100014,Pip GLOX,pipqdyxbnz@hotmail
100015,John BRAPAPV,johnypqjro@gmail
100016,Shadowman NPYS,thomaselwpam@yahoo
100017,John EHOTK,thomasxkkxq@gmail
100018,Pip KFFIPL,electravnumb@yahoo
100019,John SCZSJNP,thomascmlzj@aol
100020,John WNVX,electraifzwajr@gmail
100021,John IABVTOE,electrahcotfnx@hotmail
100022,Electra IAVAT,thomasmfup@aol
100023,Electra TRRQL,johnnpqobah@yahoo
100024,Javier AQLUHT,pipgxtrn@gmail
100025,Javier RAQH,johnzigs@hotmail
100026,Shadowman KHMERKP,shadowmansamrre@yahoo
100027,Thomas DSEHFZ,shadowmannrxf@yahoo
100028,John GTUCF,pipihlys@gmail
100029,Javier MWBU,johnzszi@yahoo
100030,Thomas XGSAEA,pipdbwxzmc@aol
100031,John RJUADEU,electrasdrsj@gmail
100032,Thomas UJKLP,javierrtuu@gmail
100033,John XOIDMW,wrightxzfjf@gmail
100034,Javier QJLLZ,javierncjhnaz@yahoo
100035,Wright IGJMG,wrightprsi@aol
100036,Shadowman LCAEKGI,electraddnhcqu@aol
100037,Thomas PRRTW,thomasafxdd@gmail
100038,Thomas PKCE,pipqgwzwq@aol
100039,Thomas DIFVN,electrappinb@gmail
100040,Shadowman MAUESOV,shadowmanltwxk@hotmail
100041,Pip CUIVRF,electratnejddh@hotmail
100042,Electra MPBGICE,electrapkpi@yahoo
100043,Shadowman MWSTB,electraxkha@gmail
100044,Electra RPFU,electrawphwuqn@gmail
100045,Thomas HAHTK,thomashqldqra@aol
100046,Javier OTNNIM,johncsey@aol
100047,Wright KIUG,wrightnipadlq@aol
100048,Pip KJFQSY,javiernrvohwo@hotmail
100049,Pip LUDDYLJ,javierdbxka@hotmail
100050,Shadowman IYCG,wrightqwtci@yahoo
100051,Shadowman BIKZ,pipshtgt@hotmail
100052,Shadowman SVJV,pipchjz@gmail
100053,Shadowman LISPQGK,thomasvarrpz@gmail
100054,John XOMMZXO,thomasfsfb@aol
100055,Javier JNYFY,shadowmanvdund@aol
100056,John UYYS,shadowmantqsw@gmail
100057,Javier KVMAFHY,shadowmanxpmin@yahoo
100058,Javier SYJDVU,thomasvgoxj@gmail
100059,Wright TNZB,electraabdnt@hotmail
100060,Shadowman GPBF,pipxjnis@yahoo
100061,John XGKHSI,wrightmcsmnqv@hotmail
100062,Electra PHPXJA,electrartpi@gmail
100063,Shadowman PIOH,wrightcynbtav@aol
100064,Thomas PKPPMDA,wrightumtnoe@hotmail
100065,Electra XEYINN,thomasbwlkp@yahoo
100066,Pip GYCDGM,wrighteryrf@aol
100067,John SNIOW,wrighttsdtiae@hotmail
100068,Electra YJNIUP,thomasbsnie@hotmail
100069,Thomas QUYK,thomasmsykbtx@yahoo
100070,John FPBEQWT,electraquxge@aol
100071,Wright TMDTI,javierlrlsv@aol
100072,Electra KJCSIQ,thomaswtot@aol
100073,Thomas SJQEMQF,shadowmanccnw@yahoo
100074,Pip KYRJ,wrightnbjdsam@aol
100075,Thomas FWHJG,electrazxesaw@yahoo
100076,Pip JGRMUNR,javieribrlcva@aol
100077,John FOUMYN,wrightqibg@gmail
100078,Wright RLEXGDI,pipeeogrlo@yahoo
100079,Thomas WMAN,wrightxdkss@gmail
100080,Thomas NLXQS,wrightcdfnyrk@hotmail
100081,Wright GSGNM,thomasbzvfzm@aol
100082,Electra URZYJ,thomasuzvkyxy@yahoo
100083,Shadowman UMJKXXW,shadowmangjzpq@aol
100084,Shadowman LOJAHL,pipoefygzz@aol
100085,Thomas SJSEOG,pipsflmze@yahoo
100086,John MATZWR,wrightctkgmia@gmail
100087,John WBDN,electraahwyp@gmail
100088,Wright QGULTO,shadowmankvsq@yahoo
100089,Electra IMYY,javiermjujy@gmail
100090,Pip VFVRH,thomascfvdyt@yahoo
100091,John QIJWAY,electraasllbg@aol
100092,John PJJCXF,johnvihhvc@aol
100093,Wright WJGQB,johnyybhhw@aol
100094,John TUBZZQ,pipqwtd@hotmail
100095,Electra WWCBBP,electrabsfffrg@gmail
100096,Shadowman HUUKA,electraofip@yahoo
100097,Shadowman LVZQUG,pipgxkcbx@aol
100098,John MXIS,wrightmgfu@yahoo
100099,Thomas NVBEIXI,johnznjv@gmail
100100,Wright TPUHQRN,johnijab@yahoo
100101,John PHUGDCT,pipohpkn@aol
100102,Thomas FWWDEVD,johnbpvf@hotmail
100103,John FCWOV,shadowmanhrvna@yahoo
100104,Thomas AHAGD,pipoxzjn@hotmail
100105,Pip WPNYH,wrightvsbrgm@hotmail
100106,Electra ITIMM,pipmjpoer@yahoo
100107,Pip RKPYGEG,wrightcrpzyue@hotmail
100108,Pip SGIGYWB,thomasdsdgze@aol
100109,Shadowman QCKEG,wrightlepv@yahoo
100110,Pip ZDJQBFR,thomasmgtuld@hotmail
100111,John XUHUIZX,johnrgnkrj@hotmail
100112,Electra WNQYM,pipcvdm@yahoo
100113,Pip WLDKTPH,electradahmm@gmail
100114,Electra YDLRUSE,johnvccwhio@yahoo
100115,Javier GMLMQJV,pipbenbah@aol
100116,Pip TRHC,electrabkalm@hotmail
100117,Wright GYQA,shadowmanhqopd@aol
100118,Pip LWWUFDV,wrightroyq@aol
100119,Thomas DHPZR,pipskwwn@yahoo
100120,Pip ZWBYG,piptpqf@hotmail
100121,Thomas UIEJW,pipgtci@yahoo
100122,Pip NHPVLHE,piplzegb@aol
100123,Shadowman VAOG,shadowmanvedtgyt@gmail
100124,Shadowman MZBD,electraefwnpgt@yahoo
100125,John NRPPM,electralqcqsik@aol
100126,Thomas HYPT,thomasrdiykn@yahoo
100127,Wright BPHOXDY,electraqxuivjk@gmail
100128,Javier IZOBZ,piptjzqcw@aol
100129,Pip RWOE,johnggzfhn@hotmail
100130,Electra HCLY,johnpmpt@yahoo
100131,Javier GGHBUND,javieraeaabnn@aol
100132,Shadowman KQDSO,electracihp@aol
100133,Shadowman VDDQ,electradbqyq@aol
100134,Pip ADJNEXD,wrightsnth@yahoo
100135,Wright CPBMSFQ,electradqni@hotmail
100136,Thomas IDSBPPK,johnmzbq@yahoo
100137,Thomas ALEMWUV,wrightdaipo@gmail
100138,Shadowman XJWWC,shadowmanqfioa@gmail
100139,John SHWN,wrightwogx@gmail
100140,Electra SHHEWU,electrauicvfn@hotmail
100141,Electra OWNRFVL,piptyfquqa@aol
100142,Shadowman XVQOMPG,shadowmangqir@gmail
100143,Pip SWLJ,electramcpjar@aol
100144,Wright GQAMJI,johnnemce@aol
100145,Shadowman DMFKTC,piptbni@hotmail
100146,Javier STNJN,wrightcnhebve@aol
100147,Pip JLSRA,shadowmanjmhpfn@aol
100148,Shadowman YOOWDO,pipqfdxuku@gmail
100149,Wright XIIMGO,thomasdypujny@yahoo
100150,Javier XVPXB,shadowmanpcjpt@aol
100151,Electra BPEL,johngszzs@gmail
100152,Thomas MDNN,shadowmanptbhhfo@yahoo
100153,Shadowman VVMEYTO,electratxch@hotmail
100154,Electra LVFTXZ,johnkjaixj@yahoo
100155,John VMOZ,shadowmanugksguh@gmail
100156,Electra UPAAX,pipovjmaym@aol
100157,Electra JMYBEX,pippzkrh@gmail
100158,Wright XSYCVV,thomaspassf@gmail
100159,Shadowman AXEY,johnwlajv@hotmail
100160,Pip LQAFAUR,javierxmtlfz@aol
100161,Pip MZTFZC,thomassbsp@hotmail
100162,John RXCFEY,wrighteptab@yahoo
100163,Thomas CQUJXOW,wrightbtzowbk@hotmail
100164,Thomas NZSCPLN,thomascycvsvf@yahoo
100165,Pip VCQUB,johnpymshd@aol
100166,Thomas ABCWFOI,electrazwnchhj@aol
100167,Thomas DQGZJCM,pipveqecqg@yahoo
100168,Wright OFTJ,johnkqhbw@aol
100169,Wright MCRP,wrightptkmq@aol
100170,John RIGVUHL,thomasoxnk@gmail
100171,Electra EBAWA,shadowmanbqysf@gmail
100172,Wright ZOGWZ,pipnreeyb@yahoo
100173,Pip SKNIOS,thomaseaqsdzo@hotmail
100174,Electra MKIBU,thomaszwwn@hotmail
100175,Electra HEDPMA,thomastsgodw@aol
100176,Pip FPQM,javierxnmci@yahoo
100177,Wright BUZYE,wrightddigc@gmail
100178,Pip JCQE,pipxzpbeb@gmail
100179,Thomas GTIS,javiermxixygs@hotmail
100180,Pip NXIIUEG,johnecyswse@yahoo
100181,Thomas BKVD,wrightuvlr@hotmail
100182,Shadowman FZVJZNN,electraguvz@yahoo
100183,Thomas YOXTJGO,johnkyhbeml@yahoo
100184,Thomas ZUAOI,wrightfeaaiw@gmail
100185,Electra XKPVUIW,shadowmanhnvmk@yahoo
100186,Electra PIAUP,shadowmanbrpmof@yahoo
100187,Pip ULMQNP,javiermtwbzy@aol
100188,Electra CZGFN,pipbnvm@aol
100189,Electra SUZOVAR,electraynuupqt@hotmail
100190,John ZVQML,wrightocdp@aol
100191,Thomas NZZOJYY,pipkfjpju@gmail
100192,Shadowman KTOO,thomasstdw@hotmail
100193,Wright QMWZLV,shadowmanmazmk@gmail
100194,Pip JTDIZG,electrapkten@gmail
100195,Shadowman VVGS,javierxhlzyc@hotmail
100196,Electra UYKAF,thomasgxwui@aol
100197,Electra ZPBS,thomasngyt@yahoo
100198,John MOEDH,electracvzi@yahoo
100199,Javier BIUSG,wrightvckdzw@aol
100200,John JSOWVIW,javiersnula@hotmail
100201,John HDFUTP,thomasjmkszd@yahoo
100202,John HZMMK,thomaspstds@gmail
100203,Javier XZBWD,wrightkipewub@aol
100204,Wright HPUKV,johnjzppfi@yahoo
100205,Thomas MVSCD,johntwnkjd@gmail
100206,Electra DUIRS,shadowmanhrsndo@hotmail
100207,Shadowman PICW,javierfbeux@yahoo
100208,Javier PHFG,johnspmbghq@aol
100209,John XRWUV,wrightprgxxsv@yahoo
100210,Electra NRBXJ,shadowmantueoafl@yahoo
100211,Wright UGSHF,javierkdemrj@yahoo
100212,Pip UTEY,piphydj@yahoo
100213,Thomas EVVU,pipwfqayj@yahoo
100214,Pip CJJB,shadowmannsqak@yahoo
100215,Wright UQYFUME,wrightzblsxzm@gmail
100216,John CXOCXH,shadowmansaxzxo@aol
100217,Wright SCMB,shadowmanbchi@aol
100218,Electra LGUNQ,thomasrvzemf@aol
100219,Electra HOJDHY,pipduiju@gmail
100220,Wright ILHET,shadowmanrfpwe@aol
100221,Shadowman WMMN,shadowmandsouos@aol
100222,Shadowman EAQSJI,pipnwfhcy@yahoo
100223,Shadowman TDWIKEX,wrightmauiv@yahoo
100224,Electra OWWLX,shadowmaniytxr@aol
100225,Electra AVQFCLY,thomaslendls@aol
100226,Javier TIIIIOT,electratbff@hotmail
100227,Wright RCLBG,pipaqhyu@aol
100228,Thomas DDWPEW,wrightnjgasd@yahoo
100229,Thomas YGZA,pipxcjdxy@yahoo
100230,Pip KEEAAD,shadowmanurspx@gmail
100231,John CMJK,wrightrpmoh@gmail
100232,Thomas PCMF,johnhokvy@aol
100233,John RRKEM,javierebjfwa@aol
100234,Wright FNLW,pipaduifj@gmail
100235,John MVFKQLX,electrapevx@gmail
100236,Javier WZYZM,electragxwb@aol
100237,Javier HAETN,piprlacr@gmail
100238,Pip KHTS,pipsirzhg@aol
100239,John BLJTM,javierapbthc@hotmail
100240,Javier HGSB,wrightdqheuc@yahoo
100241,Wright JQAEPB,javierfidhaq@yahoo
100242,Wright DRSUQQ,johnbrds@aol
100243,Shadowman MIVUFV,pipuxbte@aol
100244,Thomas KWINHIC,johnnwkxw@gmail
100245,Wright PCNRREF,shadowmanypox@hotmail
100246,Thomas KVCVJJG,wrightcntqr@aol
100247,Thomas DJCPE,javierdxbs@hotmail
100248,Thomas JFXO,shadowmantlpzh@aol
100249,John IVGLSQH,wrighthqelj@aol
100250,Electra ZAMRWN,shadowmanktpcepe@aol
100251,John NSQKGU,pipxaty@gmail
100252,Pip NCSO,shadowmanyqlamps@aol
100253,John YLGH,thomasvzpye@aol
100254,Javier SQYNYL,thomaslvqff@yahoo
100255,Wright XIEQC,thomaswpzxk@gmail
100256,Pip TIHHA,javiernugxx@hotmail
100257,Javier YHGSR,electrazytgfh@yahoo
100258,Wright RDGURA,shadowmanvmbe@gmail
100259,Electra KZPW,wrightjfpai@hotmail
100260,Pip TDIOEQ,wrightaziof@aol
100261,Wright VDQYFY,johnitbe@aol
100262,Thomas ZFVDDF,shadowmandsifizu@gmail
100263,Javier HVHUA,pipgdld@hotmail
100264,Javier EEUPTOH,shadowmaneexp@aol
100265,John CEWLW,shadowmanhodmnx@gmail
100266,Shadowman LCCEAXQ,shadowmanujgt@yahoo
100267,Shadowman CDYJWU,electrajxyf@yahoo
100268,Shadowman GMWY,pipnpbcstd@aol
100269,Electra SKAR,thomasfyko@yahoo
100270,Electra VUEES,electravlpkizu@aol
100271,John WWCYH,wrightqzqwpv@aol
100272,Pip WQNPA,javiervdhimt@hotmail
100273,Wright QLQTAH,johnnczvyv@aol
100274,Electra VDLLONV,wrightylewdj@aol
100275,Shadowman ATAQYKL,electrajudui@yahoo
100276,Javier HPLM,javierfhdvw@gmail
100277,Pip HZPXU,thomasyrqbft@yahoo
100278,Electra SKEGAQJ,johnlbvbuwy@aol
100279,Wright RERLMS,javierhqdy@yahoo
100280,Thomas UCEYKY,johnbsxh@yahoo
100281,Thomas TKSJ,pipmsbgcgr@gmail
100282,Wright WJJDS,javierzgermfj@aol
100283,John XLRPBR,wrightraigmg@hotmail
100284,Javier DHVSVB,electralihbprj@gmail
100285,Wright TQWV,shadowmanikkuctj@gmail
100286,Pip MNXP,johnucixxs@aol
100287,John YGFPAH,shadowmanxltf@hotmail
100288,John DIBXFL,pipszgnvl@aol
100289,Javier KRMMI,shadowmanlvpwu@gmail
100290,Shadowman HKEDDQV,javiercyoeq@aol
100291,Shadowman UGXUFAO,electrawbfbe@aol
100292,Shadowman QFVSFV,pipeayoxb@hotmail
100293,John NXORO,thomasxvrmsom@aol
100294,Pip FLKQ,javierkrceoek@yahoo
100295,Pip UUJHAAR,javierlhog@hotmail
100296,Wright CTIBV,johnygauqz@yahoo
100297,Electra MSDHAUS,electrabgjuf@yahoo
100298,Wright BTONZR,thomasldvgl@hotmail
100299,Wright RIATS,wrighteupxath@hotmail
100300,Wright OFSEY,thomassvhm@aol
100301,Wright IDHV,thomaszhvevb@aol
100302,Shadowman BFUENR,pipuqsc@hotmail
100303,Electra AUED,javierfpdfhat@yahoo
100304,Thomas LPFNK,electragryfgz@gmail
100305,Javier EUML,electratbulbu@yahoo
100306,John GYFQBQ,electraerpmq@hotmail
100307,Pip FUSXVH,wrighteogbb@aol
100308,Pip DPPTQ,wrightrftsn@gmail
100309,John IXUTLD,thomasjoch@gmail
100310,Pip MIMNWGB,wrightuepgwrh@gmail
100311,Javier RCIHCYT,pipjwguzn@yahoo
100312,John WBRIE,johnwhmf@yahoo
100313,Wright CLGX,johnwyfag@yahoo
100314,Pip AHIU,pipbakn@aol
100315,Wright JCCH,thomashzdt@yahoo
100316,Thomas VUZFGVM,javiernhhofxa@aol
100317,Electra GRGL,pipfqvusxa@yahoo
100318,Shadowman LNKG,thomasrodl@gmail
100319,Pip TCUOY,thomasocxks@aol
100320,Shadowman JXUSCP,thomaskshpvl@gmail
100321,Thomas BZAAZDH,thomasjqkiv@yahoo
100322,John QJEVZHP,shadowmanjhjsidp@gmail
100323,Wright ALSH,pipkspss@gmail
100324,Shadowman ABKRXQZ,thomaspymeu@aol
100325,Thomas PIDZP,electrakacmu@gmail
100326,Pip QHXZ,electrakptfnt@hotmail
100327,Pip RWVZ,johnjynpzp@yahoo
100328,Pip AMUK,pipwvlgi@hotmail
100329,Thomas RKJR,wrighthkqk@hotmail
100330,Thomas QMOV,shadowmangnip@aol
100331,Shadowman VUOX,shadowmanqehgshi@gmail
100332,Javier WJRV,johnkpinqo@yahoo
100333,Javier YRBQRD,shadowmanqlph@yahoo
100334,Electra OWCQOM,thomasjwph@hotmail
100335,Pip OAZUF,electratvzf@aol
100336,Javier GXMVA,wrighttylife@yahoo
100337,Pip TFKWHH,shadowmansbjevl@aol
100338,Pip OUWZUDC,piphvfdbpe@hotmail
100339,Pip YCFFP,javierpnvj@yahoo
100340,Pip BJKC,javierfnaa@yahoo
100341,Wright DDSOB,javierwqvz@yahoo
100342,Javier QMSI,javierbvvcwoz@aol
100343,Javier POIIDLO,javierohcpiuk@hotmail
100344,Pip BOWK,shadowmanxfeif@gmail
100345,Electra MTPMLFX,javierzpgf@hotmail
100346,Pip PXKQL,pipnjyss@hotmail
100347,Pip XMQSA,wrightitfr@gmail
100348,Wright MEMK,pipodbqi@hotmail
100349,Thomas UZFP,shadowmanaizrpwn@hotmail
100350,Thomas JIPLUIL,shadowmanapqy@gmail
100351,Shadowman JBRVMOL,electrakjzk@hotmail
100352,John IFKXQK,shadowmanvkufnmc@gmail
100353,Thomas OEPNFTD,thomashphzf@yahoo
100354,Javier WOGESRU,electrapjoj@hotmail
100355,Electra FVVWHZL,electratscgbb@hotmail
100356,Thomas GRZS,thomasdhuojlm@hotmail
100357,Javier XJUMRUD,wrightsellu@aol
100358,Javier EQCYGN,wrightneny@yahoo
100359,Javier RYUE,wrightxmpjz@hotmail
100360,Wright LWCKHNQ,electrayfrzcfi@gmail
100361,John VHEH,shadowmanntle@gmail
100362,John KHBRT,javierktymh@gmail
100363,Wright LBXNP,javiervdanpr@yahoo
100364,Javier HAJVFD,wrightkjpbg@gmail
100365,Javier HSKCPMN,johnokxrtu@aol
100366,John MBTJDI,pipusei@yahoo
100367,Javier VDEBJOU,electravgjimh@yahoo
100368,Pip OMOJ,javierkcsrot@yahoo
100369,John NTHU,thomasgoymr@gmail
100370,Electra NKNY,pipomqqez@hotmail
100371,Thomas FSNF,pipriknu@aol
100372,Wright UHERDK,thomasjighkay@hotmail
100373,Electra OBRJHPJ,shadowmanqocb@yahoo
100374,Javier NLRMEL,thomasxtlsspe@gmail
100375,Thomas EURYR,johnlnfhvfx@gmail
100376,Wright SPYLJW,johnjunudjx@yahoo
100377,Wright YTHFKN,wrightuicuxh@aol
100378,Shadowman FIRWKG,johnzbittg@yahoo
100379,Pip YSZSMVC,johningkw@aol
100380,Pip JILTLP,javierxaai@aol
100381,John MMKA,wrightxaeictk@hotmail
100382,Javier NWND,piprupa@hotmail
100383,Electra NHOYRQ,wrightqwuyga@yahoo
100384,Pip VPCB,wrightfycjuxw@aol
100385,Pip VEJKBUL,johnikppskc@aol
100386,John ADEAWAE,thomasghry@gmail
100387,Pip SFJN,pipqcmra@hotmail
100388,Thomas NAKRYKJ,johnsppjz@gmail
100389,Wright WOJYKUR,thomasugzm@yahoo
100390,Pip HNXVVKM,javierixqgs@aol
100391,Thomas MIOLGI,javierkbvco@hotmail
100392,Thomas EIWASW,pipwrebx@hotmail
100393,Shadowman GYEWBOG,piplrqrqxv@yahoo
100394,Javier NPXDPW,pipmvxnknq@gmail
100395,Pip HOPZC,pipxono@yahoo
100396,Pip EQZP,johnrecp@aol
100397,Electra HXJLY,javierqxno@aol
100398,Shadowman IRPEVOP,shadowmankjeosit@hotmail
100399,Thomas QKJWMAV,electrandqkqyc@hotmail